s22a,s22m,s21a,s21m,s23a,s23m,s24a,s24m,s12a,s12m,s11a,s11m,s13a,s13m,s14a,s14m,s32a,s32m,s31a,s31m,s33a,s33m,s34a,s34m,s42a,s42m,s41a,s41m,s43a,s43m,s44a,s44m,wavelengths,freqs
3.0137910864670316,0.042217950725326525,2.070900949727132,0.005335204886265368,-0.6337520661897185,0.9569360219942342,2.2045125403839125,0.23242461507177503,2.0586877924561815,0.0068927803907442055,3.1174424165820898,0.03432316870803607,2.183534111419061,0.23236333435269838,1.8777863058975455,0.9722569531926056,-0.6339895845932821,0.9566669778182149,2.204034006539011,0.17907186303624759,3.108095453519431,0.03563750864936087,2.1395377137857063,0.005169464821657614,2.1836916682869787,0.3014972180901467,1.8778029433461507,0.9722758221465132,2.124889160499844,0.006707686330812954,3.1159949035532453,0.0345575382095913,1.5,0.6666666666666666
2.549803586229504,0.034596094719346965,1.3821639243181303,0.0055475857670256945,-1.0705334799154573,0.9572922139868212,1.8390143863276718,0.2337731155611558,1.365186834953728,0.0071515446399197605,3.109700233882289,0.0336339576408873,1.8175286436814122,0.2336450200846719,1.5838988111518366,0.9719628114591876,-1.0708302501275728,0.956927605510934,1.8385387138328246,0.1802419125128532,2.7416500345045463,0.03024494124460279,1.482100713119436,0.005482411107364723,1.8176381145823004,0.3029079183423655,1.5839200975115197,0.971980619502679,1.4653606932129204,0.007102173247856546,3.1031063130075345,0.03387164736998554,1.5020408163265306,0.6657608695652174
1.9847188356793637,0.02040745481678299,0.69247065989961,0.005654979991204507,-1.506486824421247,0.9575388716813886,1.4741519486415007,0.23508697460292832,0.6713492000758888,0.007286664671029232,3.11393602539454,0.03286682317109639,1.4525363932239324,0.23480498528911434,1.2908440520875524,0.9717033598854753,-1.5067455915375672,0.9570728874949556,1.4737900894472697,0.18138816820590734,2.365346547443552,0.01878028140355341,0.8216483276426215,0.005700411851019727,1.4525851276675625,0.3041554830420618,1.2908705311131015,0.9717245724136662,0.802857948824476,0.007371539485552475,3.101838563195613,0.03295828099327704,1.5040816326530613,0.6648575305291723
0.33897550851316904,0.007016727695000071,-0.0006584522066378525,0.005661304986767251,-1.9414519036100675,0.9574273447083917,1.110087427260349,0.23630338661536218,-0.024153990533756355,0.007302319921741234,3.1304045246246726,0.032296284269050464,1.0888945700776789,0.23587418129137877,0.9985969202378945,0.9714617338723414,-1.9416089621182855,0.9569328391934051,1.1099094231080122,0.18247860123200338,1.9043252518764018,0.0028784947983049214,0.15712080717073443,0.0058206216078978855,1.08887559340884,0.30527768444480113,0.9986251635579032,0.9714903245153362,0.13701679093119484,0.007514943091492385,3.116434404504066,0.032107068159449775,1.506122448979592,0.6639566395663956
-1.2973622717962716,0.021791515419515198,-0.6985902567257154,0.005581292984157459,-2.375102182493197,0.9568816401541369,0.7471532650270274,0.23740090883219786,-0.7221312363275112,0.007213005038178204,3.1533304386573535,0.03214464281464265,0.7267552812063753,0.23692731328605937,0.7071495433490629,0.9712117106970006,-2.3751823592919936,0.9564513274803547,0.74712685170798,0.1835011531844781,4.799409917373528,0.015041617809107321,-0.5117622863116673,0.005849207772459887,0.7266727831037678,0.30637028957909507,0.7071735091508458,0.9712482625182922,-0.5321802789979253,0.007543731824199382,3.144353861350715,0.03165893195040542,1.5081632653061225,0.6630581867388362
-1.8474146274094427,0.03959083219891209,-1.401335384203532,0.005434304776324195,-2.8071325453188027,0.9560781395933479,0.38566527636379866,0.23842192916834765,-1.4227698641442166,0.007036256090299579,3.173002718522869,0.03245820145066255,0.3660155325767994,0.2380425446891492,0.4165133086734187,0.9709316130723893,-2.8072305645040574,0.9557471657377316,0.3856736718285696,0.18447634198796453,4.421419704493629,0.03208216923086515,-1.184191372043763,0.005797872587719234,0.36588530668548436,0.30753546469583515,0.41652756966011667,0.9709721701304943,-1.204156558129231,0.0074746004456851655,3.175085966201633,0.03182682164882602,1.510204081632653,0.6621621621621622
-2.2836923256669084,0.05252675475186682,-2.1076487885238375,0.005235930241461605,-3.2374533559813625,0.9553577280822039,0.02572315830290899,0.23945299646823198,-2.1256866352179995,0.006784608643948169,3.1811186227962143,0.0330722417592859,0.006385612983483209,0.2392600982405938,0.12671041730538132,0.9706158442526577,-3.237658772321615,0.955072859213015,0.025648620701628898,0.18545118424642554,4.059034631078562,0.04558140351671339,-1.8582920072862408,0.005677976129172889,0.006230682195522117,0.3088277522621311,0.12671342497240512,0.9706533334775789,-1.877609196927351,0.007321028151592319,3.1952882241382747,0.03254995231914623,1.5122448979591836,0.6612685560053981
-2.676997904278221,0.05828563815105365,-2.815622480435189,0.004990839946697994,-3.6662548343126793,0.9550267082348675,-0.332858327812011,0.24057478269713234,-2.8302544564744285,0.006460007376477695,3.17506803949443,0.03369557293149283,-0.3524423696121377,0.24056339906959268,-0.16224049511555927,0.9702775647135141,-3.6665817747674474,0.9546829166101155,-0.3330522038488093,0.18647540645159022,3.711536393822209,0.053522046977057106,-2.5315026857228253,0.005494318482743691,-0.35259788927225855,0.31022865664561394,-0.16224497434071106,0.9703050941440239,-2.5505952066192386,0.007086263287966896,3.1968315399789193,0.03351248205143198,1.5142857142857142,0.6603773584905661
-3.031969315965492,0.05614684145595303,-3.523776162169491,0.0046904672195802926,-4.093900333354807,0.9551765028601678,-0.6904406032951872,0.24181502868860266,-3.5362692761137033,0.006053035305963895,3.158269608363049,0.03404941125048189,-0.710626801407308,0.24189340728403,-0.45033667583723525,0.9699409183335459,-4.094271057158581,0.9546902386947721,-0.6906876950585297,0.18757388978379128,3.3869785872763254,0.054931277009275914,-3.2011981698909606,0.005241401720501068,-0.7107621339092162,0.3116643189642274,-0.4503407764270411,0.9699552435115927,-3.2208682498142474,0.006760645941351455,3.180277784818403,0.034308749978975824,1.5163265306122449,0.6594885598923285
-3.326020314315542,0.047058272968227996,-4.2324599846016975,0.004317039434661036,-4.5207160294819815,0.9556316883291928,-1.0473465916508093,0.2431341074388666,-4.244965008972585,0.005547511829984505,3.1378741649860844,0.033980182912321216,-1.0681096271897514,0.2431862917448559,-0.7375945307135839,0.9696271176150224,-4.5210069893134825,0.9550020117358025,-1.0475296790068223,0.18873288710464067,3.1028710878650765,0.05011714812713788,-3.8653101829122676,0.004904231890071722,-1.0682086697611328,0.31305394892810046,-0.7375896141297952,0.9696305328134496,-3.8863606499420964,0.006324385811696465,3.1528038923356156,0.03462237141737161,1.5183673469387755,0.6586021505376344
-3.4835959534735634,0.03399959109571214,-4.945551116778039,0.003852585476284523,-4.9468045492495545,0.9560577271446314,-1.4036745541774451,0.24445184331298087,-4.960543457086061,0.004929100322269041,3.121943804697722,0.03351292438309593,-1.4246830236965549,0.24441032359400813,-1.0240418873005823,0.9693423137264819,-4.946927432019738,0.9553762220687172,-1.40371377562946,0.1899091666775804,2.8977568375375804,0.04084885251227929,-4.522727169708457,0.004463685419428788,-1.4247336807090276,0.31435768603663145,-1.0240224317151192,0.9693419992642894,-4.545632707280282,0.005754661947977984,3.12457118796028,0.03433671774648674,1.5204081632653061,0.6577181208053691
-3.312905148609232,0.02357271883062083,-5.673307090197632,0.0032899746609676866,-5.371999559094843,0.9561653801072673,-1.7592570122047333,0.24569914877862775,-5.693057135584498,0.004195899671374828,3.1166422854483398,0.032840420571934634,-1.780137354495729,0.24557943466241755,-1.3097036627895622,0.969074365757919,-5.371966855766345,0.9555630102932932,-1.759176835332242,0.19105660660009513,2.8530143546648468,0.030710526865894556,-5.173484311540452,0.003904206091023215,-1.7801308509817475,0.31559433488414895,-1.3096698659250043,0.9690794027925597,-5.198189252129302,0.005034166179833519,3.105566164344891,0.03356903600697187,1.5224489795918368,0.6568364611260054
-2.9354051340230147,0.0251522534078823,-6.439415108339201,0.0026448183135489643,-5.795993918956288,0.9558807338208657,-2.1137911054648315,0.24686119292678013,-6.465404502251947,0.0033713115497690876,3.123437624192838,0.03224439840244324,-2.1343911542639353,0.24673685421132452,-1.5945894797089541,0.96880049885938,-5.795921364837994,0.9554406140898005,-2.1137187343256296,0.19215321063530771,3.036710599250957,0.025330958407135444,-5.8190129017379935,0.003220439306813381,-2.1343223531062376,0.3168202384534024,-1.5945472582899014,0.9688179078893906,-5.844751164413346,0.004157854980076628,3.1023708060213213,0.03262943272166099,1.5244897959183674,0.6559571619812583
-2.9133103690543196,0.03375079885752302,-7.300890090193492,0.001976071958015029,-6.218554554555952,0.9553642550774822,-2.4670512101793696,0.24798290727213274,-7.332253958605702,0.0025293871432733586,3.137615383953005,0.03195991177107649,-2.4875218680477325,0.24792189752020644,-1.8786908130137576,0.9685011512259442,-6.218591792432878,0.9550589305781719,-2.467143537753254,0.19321091619229014,3.2155206036141566,0.027478288522010376,-6.463095476143164,0.0024201914699129856,-2.487390113939963,0.3180862795865863,-1.8786491385715847,0.9685328764272803,-6.487917232875444,0.0031357732178900937,3.1146963220861497,0.03189395951397031,1.526530612244898,0.6550802139037433
-3.117559035413387,0.03965013321470528,-8.384211532325235,0.001450258349033889,-6.639672305065287,0.9548692805610672,-2.819036727156455,0.24913384361103486,-8.4119549761613,0.001872587048635316,3.1503881690179996,0.03204449509842445,-2.8396857398111286,0.24914350696409215,-2.161989333356978,0.9681712965341875,-6.639904818665285,0.9545683911270242,-2.8193816830403717,0.19426250493728403,3.1830809331308334,0.03181473947191853,-7.116758549602136,0.0015234463737587639,-2.8394950815921733,0.3194037297329205,-2.1619562312642753,0.9682136137471162,-7.135458044908087,0.0019917308901249526,3.1342544336754967,0.031614948890387275,1.5285714285714287,0.6542056074766355
-3.397699688741235,0.03922734838649497,-9.704636689333118,0.001415537951486991,-7.05954515986935,0.9545480653389755,-3.169957531352225,0.25035831447533224,-9.71802679195969,0.001817344884070734,3.1542478883463128,0.03234525193177017,-3.190991399973818,0.25037847653019213,-2.4444708937110073,0.9678221300578078,-7.059932210870011,0.9540938633269376,-3.1705122803791097,0.1953363273575073,3.0266491169403413,0.03318129864145324,-7.856160038827285,0.0005614097879018567,-3.190749668416548,0.32074219318787806,-2.4444501004695516,0.9678676679920071,-7.837719019291364,0.0007605881320082231,3.1492542698915655,0.031776578186652006,1.530612244897959,0.6533333333333333
-3.681698815832965,0.031965242851347914,-10.839947976064252,0.0019471136006281168,-7.478417047465614,0.9543443012849682,-3.520076223050983,0.25164560421819604,-10.855247538586088,0.002467138442558134,3.147339424387525,0.032592164310851615,-3.541421688944165,0.2515942028831325,-2.7261360060370863,0.967472360143241,-7.478806503630112,0.9536473885201402,-3.5206806854724815,0.19643753365878844,2.8506545542326815,0.029899867234047573,-4.953385150439462,0.00046393274807921973,-3.5411391716317957,0.3220592693046622,-2.726125818577539,0.9675135953770593,-5.032561048711519,0.0005406605354696386,3.152093055521288,0.0321167058032009,1.5326530612244897,0.6524633821571239
-3.8550224451899315,0.019436722433037956,-11.727089721134092,0.002719892340795601,-7.8963928622759765,0.9540413469199709,-3.86952189032273,0.252939705177252,-11.748728889048499,0.003438197557545689,3.1339411337483347,0.0325462133734379,-3.8908603531921595,0.25277803531809806,-3.0070001482641278,0.9671351279776734,-7.896604001231868,0.9531366177144251,-3.8699802411913082,0.19754832989287552,2.7703805186204287,0.02294662361646893,-5.7320441635941926,0.0014710160844713777,-3.8905494778077814,0.32333846859925147,-3.006994806613919,0.9671676256332246,-5.7817445021956555,0.0018410991724552679,3.1434376730519933,0.03229668030490228,1.5346938775510204,0.6515957446808511
-3.177032427370655,0.008921955527075663,-12.501087493818677,0.0035429010206093976,-8.313360311840752,0.9534259431295089,-4.2182054653019225,0.25418096202777285,-12.526175467965974,0.00449246556739138,3.1221859478492515,0.03211873630369211,-4.239202708442823,0.2539504103585683,-3.2870840043819314,0.9668092374407466,-8.313281963122988,0.9524546020237686,-4.21838583810447,0.1986455948625284,3.0041547652243494,0.016851591814323337,-6.395991062555892,0.0024667437512161812,-4.238879432675927,0.3246057498190554,-3.287076787764318,0.9668332059266604,-6.435306356909105,0.0031334015156585593,3.1308553532815804,0.032089138856106654,1.536734693877551,0.650730411686587
-2.453995558973403,0.019446972662606733,-13.227607186952415,0.004346354745221486,-8.729071956937833,0.9524485268776886,-4.565895688836755,0.2553497646782698,-13.253683985529264,0.005537680719626871,3.120790246596073,0.031427142975909955,-4.5864670812850665,0.2551502903358677,-3.566400202805289,0.9664804083757037,-8.728715103705316,0.9515811118823053,-4.565786459598218,0.19972216093288234,3.413950780639879,0.0195042033568465,-7.049980477610273,0.003429139500072745,-4.586152935947749,0.32591004011289293,-3.566386753942578,0.9664999564020033,-7.082489419179427,0.0043900146547407575,3.1250118990576126,0.03149677359120237,1.5387755102040817,0.649867374005305
-2.662561334302766,0.03344128553745915,-13.933048467576032,0.005107889435448898,-9.143327038171964,0.9512633194973737,-4.912399765439745,0.2564799587991176,-13.958679413646697,0.006535921932379765,3.1349398161035884,0.030772943724561658,-4.9328185745624,0.25640132436432655,-3.8449453024975973,0.9661318441605916,-9.142805780050121,0.9506158833936589,-4.9120930715478845,0.2007950167957283,3.425864849665162,0.028063012241020147,-7.704591851069457,0.004352228817062146,-4.932540859278064,0.3272791308097105,-3.8449256082638548,0.9661523162384881,-7.7321634599372056,0.005596057851021889,3.1349522559215433,0.03078090311978778,1.5408163265306123,0.6490066225165563
-3.034245136987947,0.04288853559707462,-14.628303807175138,0.005827488630760037,-9.556120532138763,0.9501183285537511,-5.257714624990189,0.2576314068009925,-14.652794374514858,0.0074735147955136355,3.1618013562836276,0.030520208078112298,-5.278473455463619,0.25768229627958134,-4.12270259987009,0.9657574984907972,-9.555583687094927,0.94971026385968,-5.257338913973454,0.2018923274795516,3.1863391769849034,0.035219196370251116,-8.361609514854859,0.005241211047329927,-5.2782614320884536,0.3286819157202941,-4.122680581504397,0.9657821860076209,-8.385874862335521,0.0067464974311901476,3.162087082288631,0.03037415447657157,1.542857142857143,0.6481481481481481
-3.4800914958358384,0.04574778340571405,-15.317421638564861,0.006514485723887017,-9.967651131340375,0.9491738890783132,-5.602036373320839,0.2588414236573683,-15.340520565255286,0.008349792660757143,3.189452564787509,0.030889783077935853,-5.623536115250106,0.2589251264014308,-4.399654734250595,0.9653694193108255,-9.967210183032062,0.9489414906504651,-5.60168651843528,0.20302726190542333,2.827433486423674,0.03769729026484467,-9.02028496598609,0.006107077493206906,-5.623413533554154,0.3300271055843375,-4.399635533101189,0.9653974157735119,-9.042648106049597,0.007844355725120758,3.1957131318803853,0.030651756966353923,1.5448979591836736,0.6472919418758256
-4.009785915166033,0.04193158229702706,-16.001079710969687,0.007176874254111989,-10.378178142171341,0.9483760375439685,-5.945617114007361,0.260089670602661,-16.022782174423284,0.009169730579502969,3.203227306354141,0.03179507430533118,-5.967874095489968,0.26004717632353347,-4.675798771541599,0.9649936926180386,-10.377868786666928,0.9482237799545814,-5.945320365506991,0.20417815661619043,2.3693332880685616,0.03455606808866547,-9.678768260233658,0.006958422577763442,-5.9678514696664005,0.33120651316872757,-4.675785141466555,0.9650202184960118,-9.700210252884904,0.008896685224596577,3.217351896304182,0.031660619993398385,1.5469387755102042,0.646437994722955
-4.69748625637167,0.033831894721782524,-16.678358513281307,0.007813526828550956,-10.787815960740863,0.9474754043871796,-6.288560273239596,0.2613023261416619,-16.698840228183748,0.009937556949281069,3.194917452855881,0.03286809164146658,-6.311121735285808,0.2610023061033047,-4.951154199946945,0.9646562925846185,-10.787607774243808,0.947332274064057,-6.288289066909043,0.20529217086850918,1.7469338309451832,0.027032501998516038,-10.33477277424183,0.007794007326494487,-6.311192996759024,0.33216177120204654,-4.951144087929932,0.9646754713415991,-10.355815173400918,0.009909128499106306,3.213187316251202,0.03304230745763955,1.5489795918367348,0.6455862977602107
-5.672149278298559,0.02828002567440185,-17.347878660599076,0.008411792747290966,-11.19640057548992,0.9461966385335124,-6.630689797158524,0.2623979076349507,-17.367549068309444,0.010651951048507727,3.166108909301421,0.033647442585186274,-6.652830393283113,0.2618214180072667,-5.225757867816642,0.9643666951430048,-11.196243621209065,0.9460447339937992,-6.630406018342607,0.2063151291922987,0.7626516623181632,0.020642038501742198,-10.986083817492478,0.008599904870473926,-6.652976616342104,0.33293594121845466,-5.225744685521599,0.9643753019259181,-11.00699896374753,0.01088096618389015,3.18160400949426,0.034223300913048905,1.5510204081632653,0.6447368421052632
-6.718924587898779,0.03379833985899579,-18.008602571936343,0.008951083369830538,-11.603535488444177,0.9444655491183471,-6.971598180047062,0.2633501089041933,-18.02818844663277,0.011303825263659254,3.1254524810009876,0.03377172237742892,-6.992698901941916,0.262616366525918,-5.499647598000183,0.9641091890750223,-11.60340950408799,0.9443240560954466,-6.971294967134495,0.20723216492278082,-0.3941121582046266,0.025384773213244668,-11.631013251764092,0.009352759691831651,-6.992897783688265,0.3336765157898987,-5.499623177754789,0.9641093058784174,-11.65216298897691,0.011802358614393405,3.1309746992810448,0.034677971732874,1.5530612244897959,0.6438896189224704
-7.483997951428034,0.04647564076115624,-18.660385779371282,0.009409829783516104,-12.00882015289181,0.9425399262674321,-7.310874335712601,0.26422558558997616,-18.680885843685303,0.011876811433848769,3.085075516778866,0.03309238098565814,-7.330765806291314,0.2635393389752562,-5.772843299318399,0.9638477491223374,-12.008747455220957,0.9424198225728556,-7.310582148636085,0.20809249821991235,-1.1684677832347565,0.03814775779322653,-12.268798758687373,0.010027184355858273,-7.331001995711581,0.33458084542290323,-5.772802091705365,0.9638468673106553,-12.290853356988983,0.01265433295974191,3.0748826409951806,0.03410093089208245,1.5551020408163265,0.6430446194225722
-8.064237579276508,0.05816852604057806,-19.304272492538388,0.009771371992736044,-12.412128713264742,0.9409315648007477,-7.648380712570242,0.26516459240192003,-19.326668989238424,0.012349750914101598,3.0584057640145486,0.03171751727287615,-7.667450385260713,0.26471399761127234,-6.045336253444465,0.9635425357658269,-12.412140381216384,0.9408027869460296,-7.648132605849609,0.20899765908067436,-1.7242188338371927,0.050470576192717706,-12.899894773969887,0.010602779453384212,-7.667720927955828,0.335806476704312,-6.045278757893063,0.9635509283592083,-12.923716366937427,0.013411017545497006,3.029770476670667,0.032487537873738724,1.5571428571428572,0.6422018348623854
-8.565425022796898,0.06443857150707455,-19.942469522249592,0.010025817090822038,-12.813751334658258,0.9401501942973145,-7.984394954063698,0.26631069523236844,-19.96726230170866,0.012700348244172948,3.0580270836231667,0.03001395915499937,-8.00339882124843,0.26617247417188267,-6.317092776012095,0.9631694448134323,-12.813839055976274,0.9399529398429515,-7.98418322867755,0.21005537268923277,-2.198512106460895,0.058171078052533645,-13.526037421948033,0.011066798244414564,-8.00371067369705,0.33739105371613937,-6.317026571152137,0.9631958399721362,-13.552222820199734,0.014043363717678725,3.0142129240399185,0.03017675336759277,1.5591836734693878,0.6413612565445026
-9.035324634604134,0.06321977328994978,-20.57797066165612,0.010168497270723288,-13.214299609002644,0.9404260298169046,-8.31951707388772,0.26773151787134325,-20.60477148461465,0.01290939730418998,3.0906343045617946,0.028551526663693656,-8.339199388080585,0.26783268684867667,-6.588070630073611,0.962732503342398,-13.21439928138619,0.9401164053749053,-8.319282666155573,0.21132368864192314,-2.641094467222549,0.05916821794591658,-14.149966525565562,0.011412037675696847,-8.339560610184188,0.33922558709373,-6.588008320735399,0.9627798188087996,-14.178299869118497,0.014523835838473454,3.0452118087979385,0.027866893776473826,1.5612244897959184,0.6405228758169934
-9.503597521871782,0.0540423571372469,-21.213932264400782,0.010198035474477622,-13.614431673684164,0.9415685932359694,-8.654393824362854,0.2693755015750836,-21.24137559886076,0.012965056203309207,3.148642794594402,0.027919717731869312,-8.67511198383473,0.2695307669363115,-6.858240002884323,0.9622627776555379,-13.614454196879674,0.941158934119312,-8.65406011944967,0.2127749448381387,-3.0769746724393072,0.0526825398680495,-14.774810048131465,0.011633269392813771,-8.675521755383086,0.34109859524538944,-6.858194603574281,0.9623258041496127,-14.803988115355297,0.014831605393226557,3.1245230064318914,0.02649493497918628,1.563265306122449,0.639686684073107
-10.015451571716909,0.037909880081381145,-21.85300332020326,0.010116453953787498,-14.014543322672036,0.9430272880992273,-8.989405075811057,0.2710862005558731,-21.879091371191244,0.012866386345087733,3.2079520999978364,0.028408771008475765,-9.010952970843995,0.2710941011220639,-7.127598734822816,0.961804318105478,-14.014428001897318,0.9425902938239108,-8.988930981045948,0.21429853858721182,-3.5343851289403267,0.03913135632793368,-15.403310619313688,0.011726363200140227,-9.011395796884969,0.342791008395796,-7.127578189046291,0.9618706567080012,-15.431187153948763,0.014957407318063028,3.221392034725299,0.026778493140115708,1.5653061224489797,0.6388526727509778
-10.791089200413039,0.018118135426857754,-22.496821293027264,0.009931425119128385,-14.414570501069477,0.9441269484322995,-9.324462122104944,0.272669409815538,-22.519619601031987,0.012625124892999674,3.24263494949687,0.02979673578583353,-9.346189839308469,0.27241916265764804,-7.396174409071044,0.9613940013022705,-14.414324838082228,0.9437623150606501,-9.323878568316823,0.2157452947889955,-4.121655282378526,0.020379854000458435,-16.03717623514964,0.011691728455230215,-9.346636609957004,0.34417523525009197,-7.396177610737847,0.9614482619679156,-16.061496603386527,0.014906771926787903,3.2877764179367523,0.028634696722916457,1.5673469387755103,0.6380208333333333
-12.835323344009144,0.015091747020045888,-23.145826815787537,0.009658644620906282,-14.814002224913915,0.9443834852198602,-9.659023173406862,0.27398648979154366,-23.16424883899828,0.012264830945848555,3.242077957513919,0.03149358026066044,-9.68019356080211,0.27351647523623257,-7.664012323501608,0.961045083326293,-14.813706512170832,0.9441666493666176,-9.658431927766367,0.2169974619179117,-6.170263583413702,0.008665889752511376,-16.676805846019555,0.011539829656756187,-9.680608570103402,0.3452706016545503,-7.664028610522845,0.9610747967107836,-16.696122866383547,0.014700363173173128,3.299537368998875,0.03123128924673597,1.569387755102041,0.6371911573472041
-13.743114252179327,0.03544457749249114,-23.79945434847252,0.009321607084845389,-15.212121857989402,0.9437486567990737,-9.992344860947854,0.2750283828235375,-23.813786963276602,0.011817216872465166,3.211590502370874,0.03287139744593415,-10.012527502282989,0.2745017501638809,-7.931155357597223,0.9607424795252812,-15.211895819313803,0.9436871143436862,-9.991878958580743,0.21802995809692727,-7.37472665390391,0.028144845438966344,-17.32149176124961,0.011294042193580102,-10.012877962698122,0.3462295930038643,-7.9311679612009645,0.9607432239502243,-17.335814739421092,0.014370829902816604,3.263279652097646,0.03358413768305057,1.5714285714285714,0.6363636363636364
-14.243568514335852,0.0542114614237238,-24.456620229324,0.008947337182283067,-15.6083715449921,0.9426351455093881,-10.323858330231342,0.2759244412507006,-24.468515415491023,0.011316385026449721,3.163963983485204,0.03349170059314091,-10.343140069233396,0.2755380343872215,-8.197625901799709,0.9604518943492844,-15.608315101819501,0.9426557025982425,-10.323619710782259,0.2189255879843588,-7.869879882870365,0.04797414394059151,-17.969985538123975,0.010987054466326245,-10.343404094997735,0.3472624768386421,-8.197618018219174,0.9604294181918703,-17.98081320040192,0.01395666012574795,3.1975944418487554,0.03496919726133108,1.573469387755102,0.6355382619974059
-14.663292213096263,0.06678757446495262,-25.11630070790526,0.008559377480483523,-16.002637848099322,0.9416899278245487,-10.653459825457494,0.2768752376318836,-25.12819886446973,0.010792455350857877,3.1136411045100076,0.03318494750541567,-10.672371505814027,0.2767570506220605,-8.463418924884081,0.9601377528629506,-16.002773140543848,0.9416704292193078,-10.653463410814773,0.21983252018595073,-8.280251419493855,0.06262297532871353,-18.621133621138465,0.010651346100861015,-10.672542083887231,0.34853700838093915,-8.463379951229198,0.9601062113355008,-18.63083959402547,0.013494558617956509,3.121767018286368,0.035028303707014846,1.5755102040816327,0.6347150259067358
-15.047507471458882,0.07136808131644803,-25.777968751014193,0.008171524280659682,-16.39529211737891,0.9414499524531198,-10.981546217544533,0.27804891604496934,-25.792206586991444,0.010266399407024,3.0746581396080743,0.032054793817619796,-11.000772390762595,0.27819826300250544,-8.728509211785028,0.9597803246135593,-16.395543855567404,0.941285733451849,-10.981705927233985,0.22088962867408934,-8.658952664814555,0.07003382656970712,-19.27428326511535,0.010308734830524312,-11.000857360293137,0.3501019334599271,-8.728438744037408,0.9597573562430826,-19.285176129399233,0.013012459822525507,3.0539887146847287,0.03376203311514187,1.5775510204081633,0.6338939197930142
-15.40461045747962,0.06745464487606426,-26.441769792234123,0.007785563347566708,-16.786977991461878,0.9420803874229664,-11.308791722721201,0.27950121232252706,-26.45978119018517,0.009747651168725462,3.0593747901841852,0.030451379498189806,-11.328828105562005,0.2797953250857188,-8.992868116787822,0.9593831830843516,-16.78721391262499,0.9417468599986254,-11.308965664651343,0.22216115196950023,-9.01595996208576,0.06928368491532633,-19.92935163857946,0.009964700649666222,-11.328847670525132,0.3518708631853416,-8.992776281214512,0.9593836790628255,-19.942883071670092,0.01252523561077073,3.012451792173157,0.031512579455371455,1.579591836734694,0.6330749354005167
-15.726431053789739,0.05573922461783067,-27.108475273913445,0.007394017129542276,-17.178283541494913,0.9433182458122102,-11.635809422278845,0.28115658979962194,-27.13042338950438,0.009235267590649358,3.075056406352417,0.02890468330674541,-11.656732901494369,0.28141480406093694,-9.256480289619816,0.9589678088451612,-17.17839368477664,0.9428856561386282,-11.635879158165652,0.22360999977552898,-9.347693257597182,0.0605247299295332,-20.586676475390856,0.009610042162228166,-11.656715758810853,0.3536718047511261,-9.256384305895246,0.9589986013830608,-20.603139715438434,0.012034425094349384,3.0143568779014074,0.028946192056170186,1.5816326530612246,0.632258064516129
-15.969919679324677,0.03817920482400788,-27.779352459050855,0.00698659339233456,-17.56946811695251,0.9446205157089725,-11.962870980908606,0.2828513380314038,-27.804290942486606,0.008722302999751953,3.117600084901136,0.02796881322018131,-11.984323784100384,0.28292511764222,-9.519351478328804,0.9585593202960895,-17.569429468028872,0.9442098186942796,-11.962802488129627,0.22511854904753759,-9.630312101546252,0.04505596474347867,-21.246858194282442,0.009228596131797596,-11.984301722246828,0.3553343754389529,-9.519269625880701,0.9586166893813988,-21.265625516703434,0.0115320836917457,3.067222463643995,0.02696035844286888,1.5836734693877552,0.6314432989690721
-15.896887707251457,0.019157748156229257,-28.45609055486468,0.00655777361741566,-17.960360729743424,0.9454333009236137,-12.289802257189955,0.2844149712839076,-28.482486742809748,0.008202076563190332,3.168587083174741,0.027966777588340635,-12.311192909095796,0.2842597806500919,-9.781504024494307,0.9581718096402131,-17.960247254099816,0.9451440144322393,-12.289654328479815,0.22654743011704628,-9.751610400623298,0.02573484793305649,-21.91075572258185,0.008807537282797201,-12.311193608974405,0.35676995913072806,-9.781449134869959,0.9582427797343869,-21.930827358326916,0.01100756991625426,3.1526798059066943,0.02635359314244542,1.5857142857142859,0.6306306306306306
-14.859998784020794,0.016813409012036432,-29.14082736948034,0.006112770377723241,-18.350468007320917,0.9454580383307035,-12.616094081171791,0.2857533311052828,-29.16713240760296,0.007674538118686098,3.2048540543523845,0.02879666374674204,-12.636908081846315,0.285444521950601,-10.042963589708576,0.9578012524313614,-18.35040677099652,0.9453116399979655,-12.615979029756621,0.22780512284931706,-8.996929585685816,0.012891032500818292,-22.579678401826953,0.008346196716460521,-12.636947305282082,0.3580069157472798,-10.04293848045237,0.9578682889558008,-22.600182672825,0.010455288195831594,3.2279338155585844,0.027299608289502574,1.5877551020408165,0.6298200514138816
-14.669349707609163,0.033451345153069294,-29.836129327698742,0.005669753364845675,-18.73923980286492,0.944783881352588,-12.941177345187581,0.28689256768976257,-29.86112608635961,0.00715101619147231,3.2135299427697235,0.03000807984486598,-12.961227779382352,0.28657752603097,-10.303745058478002,0.9574292068101357,-18.739341086191516,0.9447094439945426,-12.941198999251723,0.2288917155932265,-8.339806484834199,0.026243049466222475,-23.25563867019243,0.007860140330720734,-12.96130388771108,0.35916714647672954,-10.30374166860423,0.9574765743908893,-23.275998437778952,0.00988132345823835,3.260034363963493,0.029206408029159824,1.5897959183673471,0.6290115532734274
-14.862132524170537,0.048343702462805144,-30.544548676938014,0.005257677325493698,-19.12635520619666,0.9438122523284397,-13.26472211423477,0.2879585084599922,-30.567421544877764,0.006655934177406806,3.196085236506902,0.031069959647656704,-13.28420881016621,0.2877752440012462,-10.563845353881387,0.9570345130084317,-19.126649133335043,0.9436790957047375,-13.264916221541306,0.2298926084662208,-8.462189141198937,0.043226807370359215,-23.94132166080302,0.007379554522121484,-13.284302892869976,0.36039892694022996,-10.56384788161624,0.9570538696919245,-23.96106638722885,0.009307311958146627,3.245885981121151,0.031182957462095158,1.5918367346938775,0.6282051282051282
-15.124612265272484,0.057097469086903836,-31.267334123820124,0.0049104242786344576,-19.511871718092447,0.9430186055910118,-13.586795472210447,0.2891026910858969,-31.287628813496596,0.006224232887761948,3.1625151498646016,0.03158999295597439,-13.606160461866228,0.2891122074587186,-10.823246684308685,0.9566061868683902,-19.5122813243001,0.9427033701698475,-13.587098738673369,0.23092830839130615,-8.712996628925925,0.055270492942591065,-24.63933933343399,0.006943605697909679,-13.606243400860539,0.3618009629254278,-10.823237440481414,0.9565993473275514,-24.657835854162943,0.008770305751339715,3.200068029233352,0.032506733810273414,1.5938775510204082,0.6274007682458387
-15.394514328967173,0.058529580210559984,-32.002393423744785,0.004658328968245681,-19.896162558387505,0.942693658769767,-13.907795994686525,0.29041908091848373,-32.0200418659992,0.005893435143840651,3.1254823212444602,0.03140567495015005,-13.927475633538593,0.2905848229868503,-11.0819280562461,0.9561504896255857,-19.89653360539555,0.9421508801223336,-13.908067881300813,0.23209063948191103,-8.989388726670693,0.06038422435559479,-25.350594383433,0.006592971218486262,-13.927519857550681,0.36337509964870934,-11.081893795658448,0.9561284790871645,-25.367047240608358,0.008317528866091967,3.1409802752285807,0.032788949606868414,1.5959183673469388,0.6265984654731458
-15.639653648155385,0.052866816411483095,-32.74282219523242,0.004518369317348543,-20.27969382106101,0.9428034887341656,-14.228218006837755,0.29189730837422406,-32.75815039096587,0.005690880836648029,3.097343087226222,0.03059333126620798,-14.248430075988423,0.2921155930020821,-11.33987868263031,0.9556885299670091,-20.279872761726608,0.9420984383676636,-14.228313321375785,0.23339771681185723,-9.258529607661446,0.05808276456471345,-26.07232020507943,0.006361076601014404,-14.248420700414943,0.3650289714864917,-11.33981517435911,0.9556674375452232,-26.08613214306156,0.007995364813092574,3.086311051945617,0.03198046792580352,1.5979591836734695,0.6257982120051085
-15.811519166885367,0.04169945361801955,-33.47799025904165,0.0044863430167284,-20.66277034539828,0.9430251453173856,-14.548384200985648,0.29343261553695743,-33.49150816409693,0.005620857871163092,3.0881636665591237,0.02943565256313942,-14.569050813088989,0.2935931097630559,-11.597106166602632,0.9552458115356691,-20.662686930639808,0.9423051518524621,-14.548235779986737,0.23478682793867942,-9.489316909272995,0.049084302768363605,-26.797282337002585,0.006264335885471124,-14.568990566420752,0.36662402560192775,-11.597019505503074,0.9552409880137035,-26.80847024197574,0.007834252391875404,3.0526777329211647,0.030345095928299724,1.6,0.625
